{
  "cols": 8,
  "data": {
    "point-100": [
      0.004999999888241291,
      0.009999999776482582,
      0.004999999888241291,
      0.009999999776482582,
      0.004999999888241291,
      0.009999999776482582,
      0.20000000298023224,
      0.3499999940395355
    ],
    "point-101": [
      0.20000000298023224,
      0.3499999940395355,
      0.004999999888241291,
      0.009999999776482582,
      0.004999999888241291,
      0.009999999776482582,
      0.004999999888241291,
      0.009999999776482582
    ],
    "point-102": [
      0.20000000298023224,
      0.3499999940395355,
      0.004999999888241291,
      0.009999999776482582,
      0.004999999888241291,
      0.009999999776482582,
      0.004999999888241291,
      0.009999999776482582
    ],
    "point-103": [
      0.20000000298023224,
      0.3499999940395355,
      0.004999999888241291,
      0.009999999776482582,
      0.004999999888241291,
      0.009999999776482582,
      0.004999999888241291,
      0.009999999776482582
    ],
    "point-104": [
      0.20000000298023224,
      0.3499999940395355,
      0.004999999888241291,
      0.009999999776482582,
      0.004999999888241291,
      0.009999999776482582,
      0.004999999888241291,
      0.009999999776482582
    ],
    "point-105": [
      0.20000000298023224,
      0.3499999940395355,
      0.004999999888241291,
      0.009999999776482582,
      0.004999999888241291,
      0.009999999776482582,
      0.004999999888241291,
      0.009999999776482582
    ],
    "point-106": [
      0.20000000298023224,
      0.3499999940395355,
      0.004999999888241291,
      0.009999999776482582,
      0.004999999888241291,
      0.009999999776482582,
      0.004999999888241291,
      0.009999999776482582
    ],
    "point-107": [
      0.20000000298023224,
      0.3499999940395355,
      0.004999999888241291,
      0.009999999776482582,
      0.004999999888241291,
      0.009999999776482582,
      0.004999999888241291,
      0.009999999776482582
    ],
    "point-108": [
      0.20000000298023224,
      0.3499999940395355,
      0.004999999888241291,
      0.009999999776482582,
      0.004999999888241291,
      0.009999999776482582,
      0.004999999888241291,
      0.009999999776482582
    ],
    "point-109": [
      0.20000000298023224,
      0.3499999940395355,
      0.004999999888241291,
      0.009999999776482582,
      0.004999999888241291,
      0.009999999776482582,
      0.004999999888241291,
      0.009999999776482582
    ],
    "point-110": [
      0.20000000298023224,
      0.3499999940395355,
      0.004999999888241291,
      0.009999999776482582,
      0.004999999888241291,
      0.009999999776482582,
      0.004999999888241291,
      0.009999999776482582
    ],
    "point-111": [
      0.20000000298023224,
      0.3499999940395355,
      0.004999999888241291,
      0.009999999776482582,
      0.004999999888241291,
      0.009999999776482582,
      0.004999999888241291,
      0.009999999776482582
    ],
    "point-112": [
      0.20000000298023224,
      0.3499999940395355,
      0.004999999888241291,
      0.009999999776482582,
      0.004999999888241291,
      0.009999999776482582,
      0.004999999888241291,
      0.009999999776482582
    ],
    "point-113": [
      0.20000000298023224,
      0.3499999940395355,
      0.004999999888241291,
      0.009999999776482582,
      0.004999999888241291,
      0.009999999776482582,
      0.004999999888241291,
      0.009999999776482582
    ],
    "point-114": [
      0.20000000298023224,
      0.3499999940395355,
      0.004999999888241291,
      0.009999999776482582,
      0.004999999888241291,
      0.009999999776482582,
      0.004999999888241291,
      0.009999999776482582
    ],
    "point-115": [
      0.20000000298023224,
      0.3499999940395355,
      0.004999999888241291,
      0.009999999776482582,
      0.004999999888241291,
      0.009999999776482582,
      0.004999999888241291,
      0.009999999776482582
    ],
    "point-116": [
      0.20000000298023224,
      0.3499999940395355,
      0.004999999888241291,
      0.009999999776482582,
      0.004999999888241291,
      0.009999999776482582,
      0.004999999888241291,
      0.009999999776482582
    ],
    "point-117": [
      0.20000000298023224,
      0.3499999940395355,
      0.004999999888241291,
      0.009999999776482582,
      0.004999999888241291,
      0.009999999776482582,
      0.004999999888241291,
      0.009999999776482582
    ],
    "point-118": [
      0.20000000298023224,
      0.3499999940395355,
      0.004999999888241291,
      0.009999999776482582,
      0.004999999888241291,
      0.009999999776482582,
      0.004999999888241291,
      0.009999999776482582
    ],
    "point-119": [
      0.20000000298023224,
      0.3499999940395355,
      0.004999999888241291,
      0.009999999776482582,
      0.004999999888241291,
      0.009999999776482582,
      0.004999999888241291,
      0.009999999776482582
    ],
    "point-120": [
      0.20000000298023224,
      0.3499999940395355,
      0.004999999888241291,
      0.009999999776482582,
      0.004999999888241291,
      0.009999999776482582,
      0.004999999888241291,
      0.009999999776482582
    ],
    "point-121": [
      0.004999999888241291,
      0.009999999776482582,
      0.20000000298023224,
      0.3499999940395355,
      0.004999999888241291,
      0.009999999776482582,
      0.004999999888241291,
      0.009999999776482582
    ],
    "point-122": [
      0.004999999888241291,
      0.009999999776482582,
      0.20000000298023224,
      0.3499999940395355,
      0.004999999888241291,
      0.009999999776482582,
      0.004999999888241291,
      0.009999999776482582
    ],
    "point-123": [
      0.004999999888241291,
      0.009999999776482582,
      0.20000000298023224,
      0.3499999940395355,
      0.004999999888241291,
      0.009999999776482582,
      0.004999999888241291,
      0.009999999776482582
    ],
    "point-124": [
      0.004999999888241291,
      0.009999999776482582,
      0.20000000298023224,
      0.3499999940395355,
      0.004999999888241291,
      0.009999999776482582,
      0.004999999888241291,
      0.009999999776482582
    ],
    "point-125": [
      0.004999999888241291,
      0.009999999776482582,
      0.20000000298023224,
      0.3499999940395355,
      0.004999999888241291,
      0.009999999776482582,
      0.004999999888241291,
      0.009999999776482582
    ],
    "point-126": [
      0.004999999888241291,
      0.009999999776482582,
      0.20000000298023224,
      0.3499999940395355,
      0.004999999888241291,
      0.009999999776482582,
      0.004999999888241291,
      0.009999999776482582
    ],
    "point-127": [
      0.004999999888241291,
      0.009999999776482582,
      0.20000000298023224,
      0.3499999940395355,
      0.004999999888241291,
      0.009999999776482582,
      0.004999999888241291,
      0.009999999776482582
    ],
    "point-128": [
      0.004999999888241291,
      0.009999999776482582,
      0.20000000298023224,
      0.3499999940395355,
      0.004999999888241291,
      0.009999999776482582,
      0.004999999888241291,
      0.009999999776482582
    ],
    "point-129": [
      0.004999999888241291,
      0.009999999776482582,
      0.20000000298023224,
      0.3499999940395355,
      0.004999999888241291,
      0.009999999776482582,
      0.004999999888241291,
      0.009999999776482582
    ],
    "point-130": [
      0.004999999888241291,
      0.009999999776482582,
      0.20000000298023224,
      0.3499999940395355,
      0.004999999888241291,
      0.009999999776482582,
      0.004999999888241291,
      0.009999999776482582
    ],
    "point-131": [
      0.004999999888241291,
      0.009999999776482582,
      0.20000000298023224,
      0.3499999940395355,
      0.004999999888241291,
      0.009999999776482582,
      0.004999999888241291,
      0.009999999776482582
    ],